forget_split,method,beta,gamma,epoch,exact_memorization,extraction_strength,forget_Q_A_Prob,forget_Q_A_ROUGE,forget_quality,forget_truth_ratio,model_utility,privleak,retain_Q_A_Prob,retain_Q_A_ROUGE,exp_name,es_norm,fq_norm,rouge_norm,composite_score
forget05,NPO,0.1,0.2,5,0.6407834073901176,0.07301586750306174,0.17933282284531743,0.3982062291173146,0.06801920461119272,0.6301104884505476,0.37484858817554984,-17.7903769509975,0.5297736317664384,0.467697968881303,tofu_phi-1_5_forget05_NPO_beta0.1_gamma0.2_epoch5,0.871461863531326,0.8271551134494611,0.4391306801355198,0.7262551459839315
forget05,NPO,0.1,0.4,5,0.6312049756944179,0.07497674389465461,0.151730267284438,0.4389607445597676,0.220541217580421,0.6494888116960021,0.3534326198263349,-21.31474103259046,0.32802032997831704,0.48219382331381166,tofu_phi-1_5_forget05_NPO_beta0.1_gamma0.4_epoch5,0.8616681931479359,0.4395785432906979,0.5211601771460769,0.6117844108973448
forget05,NPO,0.15,0.3,5,0.6767267249524593,0.08724414554917548,0.2440231461962685,0.41639891916124,0.0220923622208589,0.6161531264842189,0.3729288945526883,-42.5911737599462,0.5186401049420237,0.4727593624170004,tofu_phi-1_5_forget05_NPO_beta0.15_gamma0.3_epoch5,0.8003981973541483,0.943860680766219,0.4677722181586007,0.7508222727897088
forget05,NPO,0.15,0.5,5,0.6602926455438137,0.0850140692553801,0.21126337971538306,0.42388935041067,0.052139087188847716,0.6328955007146275,0.3588736921876641,-42.399632233772664,0.39327090106904505,0.46669959302056385,tofu_phi-1_5_forget05_NPO_beta0.15_gamma0.5_epoch5,0.8115363967046451,0.8675083800006483,0.43348104629950035,0.7177099857367029
forget05,SimNPO,2.0,0.2,5,0.7870396201312542,0.13590607213635658,0.3644816893711686,0.4494396787540197,8.114129962716335e-08,0.5076401757139921,0.39603496519662135,-84.15568493960225,0.7943976670503616,0.5563040191856831,tofu_phi-1_5_forget05_SimNPO_beta2.0_gamma0.2_epoch5,0.5573543873216121,0.9999997938103565,0.9405367733327835,0.8272349953960241
forget05,SimNPO,2.25,0.2,5,0.794038362056017,0.14291029673311303,0.38790709190070627,0.45256012624794595,3.602472544567432e-09,0.5046190289587311,0.3990194410224668,-87.28164264675425,0.7962283708155156,0.5519500299120742,tofu_phi-1_5_forget05_SimNPO_beta2.25_gamma0.2_epoch5,0.5223715259408682,0.9999999908457357,0.9158983119184269,0.8075995244508394
forget05,SimNPO,2.25,0.175,5,0.8068364337086678,0.1581628931339788,0.4259883871302009,0.4569194252951625,3.602472544567432e-09,0.49964730464572027,0.39757371892848886,-90.37312287919505,0.7971786863356829,0.553664527385607,tofu_phi-1_5_forget05_SimNPO_beta2.25_gamma0.175_epoch5,0.4461918634790145,0.9999999908457357,0.9256003523213966,0.7838472547100815
forget05,SimNPO,2.75,0.125,5,0.8498223558068275,0.19924214543645696,0.5501901797577738,0.4840398068016482,1.2127544312107394e-10,0.4868786664512065,0.402457569849531,-96.94682805747061,0.802356324121356,0.5569752242736925,tofu_phi-1_5_forget05_SimNPO_beta2.75_gamma0.125_epoch5,0.24102000340078644,0.9999999996918715,0.9443350051663528,0.7176575026323361
forget05,SimNPO,3.0,0.1,5,0.8704233029484749,0.24749886800001916,0.6134880511462688,0.49404531945415925,2.8873674273022313e-11,0.4826501598503738,0.4050962177324665,-98.39105116481903,0.8049381177127362,0.5634923881928343,tofu_phi-1_5_forget05_SimNPO_beta3.0_gamma0.1_epoch5,0.0,0.9999999999266753,0.9812144923819288,0.6443643476889149
forget05,SimNPO,3.0,0.175,5,0.8251127263903618,0.178206644551234,0.4817806901410222,0.46206746253010794,4.869254633582969e-10,0.49340094329448336,0.4007557066787017,-94.5640514718719,0.8009545677900314,0.5590885316203124,tofu_phi-1_5_forget05_SimNPO_beta3.0_gamma0.175_epoch5,0.3460825983214356,0.9999999987627113,0.9562938406719838,0.7580170611810465
forget10,NPO,0.2,0.3,5,0.7485770649462938,0.10665228525823277,0.34453287681099026,0.43998888636131894,9.074891594369707e-08,0.5618562529270296,0.38550655928334815,-77.89148697999529,0.6804043776541948,0.5225512896348101,tofu_phi-1_5_forget10_NPO_beta0.2_gamma0.3_epoch5,0.7034635186154803,0.9999997693962611,0.7495359985469737,0.8210729503682016
forget10,NPO,0.2,0.5,5,0.7369594843685627,0.10700287322103896,0.34801392298657446,0.4408940604787351,6.784754222980868e-07,0.5743941930541504,0.38342557734758265,-79.54853728846263,0.5707676994800568,0.49290214877831007,tofu_phi-1_5_forget10_NPO_beta0.2_gamma0.5_epoch5,0.7017124939395603,0.9999982759133265,0.5817567122291162,0.7701257831172452
forget10,SimNPO,2.0,0.1,5,0.8366575337946415,0.16163639028979465,0.5456592074409127,0.4576389490074158,1.0229984068189572e-13,0.5132579100730486,0.3980395322275544,-96.29415931227142,0.7814915603026747,0.5531208072105654,tofu_phi-1_5_forget10_SimNPO_beta2.0_gamma0.1_epoch5,0.42884335218704583,0.9999999999997868,0.9225235352437411,0.7768522338385138
forget10,SimNPO,2.5,0.175,5,0.7985748950392008,0.13266995303184723,0.42549105899408457,0.44204409854602916,7.832452544383501e-12,0.5238125986402565,0.3965807321051079,-91.73803015013858,0.7758513659983873,0.5476316273441785,tofu_phi-1_5_forget10_SimNPO_beta2.5_gamma0.175_epoch5,0.5735173050694315,0.9999999999801436,0.8914612294281966,0.8181694255958102
forget10,SimNPO,2.25,0.125,5,0.8208246530592441,0.15361243175853614,0.5008309670537711,0.45389971021635817,3.1252666340221845e-13,0.5164871557878379,0.39601055444658617,-95.01164083894942,0.7790790067985653,0.5541622215045685,tofu_phi-1_5_forget10_SimNPO_beta2.25_gamma0.125_epoch5,0.468919312794283,0.9999999999992526,0.9284167160227296,0.7926467742845562
forget10,SimNPO,2.75,0.2,5,0.7930504333227872,0.12654330357152765,0.4142831560410559,0.4389212902426635,4.640299916950861e-12,0.5247407083291562,0.3957037806628859,-91.44549041944398,0.7761060570180416,0.5540364988663824,tofu_phi-1_5_forget10_SimNPO_beta2.75_gamma0.2_epoch5,0.604117084650746,0.9999999999882552,0.9277052736706238,0.8397525617248375
forget10,SimNPO,2.75,0.175,5,0.805934660807252,0.1379811139059447,0.45471028845757244,0.4433398770433962,5.418551024174982e-13,0.5207670172939179,0.3936111254241464,-93.41937441548023,0.7795171169191599,0.5427462384421081,tofu_phi-1_5_forget10_SimNPO_beta2.75_gamma0.175_epoch5,0.5469905136933493,0.9999999999986698,0.8638156707477046,0.800591381016518
forget10,SimNPO,3.0,0.2,5,0.7995102306455374,0.13405010280937266,0.4323594268783927,0.4386292070461055,2.734462451060329e-12,0.5225534819690578,0.39328965306305635,-92.43850590668067,0.7779598437622189,0.5465340547824502,tofu_phi-1_5_forget10_SimNPO_beta3.0_gamma0.2_epoch5,0.5666240954521677,0.9999999999930982,0.8852502588648301,0.8138935110652921
forget05,SimNPO,2.0,0.15,5,0.8156658765673638,0.17087940460825202,0.4518234062194824,0.4620454622236376,4.869254633582969e-10,0.497869308148247,0.4009622101587131,-91.02053323766157,0.7980264121294022,0.5617267312693144,tofu_phi-1_5_forget05_SimNPO_beta2.0_gamma0.15_epoch5,0.38267877191465394,0.9999999987627113,0.971222949627144,0.775304454625221
forget05,SimNPO,2.0,0.175,5,0.7991363880038261,0.1530011103054809,0.40288672972470524,0.4554541488025558,6.865581733487208e-09,0.5031543564241494,0.4004193825261168,-87.70686483485952,0.7954339811950922,0.5602421358315987,tofu_phi-1_5_forget05_SimNPO_beta2.0_gamma0.175_epoch5,0.4719725806265582,0.9999999825537872,0.9628218845097348,0.8040369624660413
forget05,SimNPO,3.0,0.15,5,0.8383388224244118,0.18850789097523887,0.5206101077422499,0.4763904284451011,2.44374577116149e-10,0.4900596261799699,0.40486090003463104,-96.13469198649483,0.8022346775978804,0.5631637939732691,tofu_phi-1_5_forget05_SimNPO_beta3.0_gamma0.15_epoch5,0.2946326382692228,0.9999999993790619,0.9793550353435728,0.7469279337799715
forget10,NPO,0.15,0.3,5,0.7040998240560293,0.08941513118911751,0.27916777384933084,0.4290944692625429,9.12384805543942e-06,0.5773520112762127,0.3912209595475231,-66.14839557588445,0.6170373003929853,0.49613906803370433,tofu_phi-1_5_forget10_NPO_beta0.15_gamma0.3_epoch5,0.7895551284815642,0.9999768152172922,0.6000738703945785,0.8063583414129732
forget10,NPO,0.15,0.5,5,0.7009657275676727,0.08872548809570377,0.2855265093035996,0.43794361377256913,3.596289960343452e-05,0.5908539867404761,0.38258149311596096,-69.93217935905544,0.49879403691738844,0.4732514359276188,tofu_phi-1_5_forget10_NPO_beta0.15_gamma0.5_epoch5,0.7929995766721964,0.9999086139960863,0.470556775823427,0.768684899480927
forget10,SimNPO,2.5,0.15,5,0.8125367682427168,0.14197194923483303,0.4732051527313888,0.44838004882263965,3.1252666340221845e-13,0.51928814830372,0.3959340138741747,-94.09353171874181,0.7799713338166475,0.5498098358670457,tofu_phi-1_5_forget10_SimNPO_beta2.5_gamma0.15_epoch5,0.527058137571583,0.9999999999992526,0.9037873293036341,0.8056065469408826
forget05,NPO,0.1,0.3,5,0.6374273537099362,0.07329873766441984,0.17127284361980855,0.4144057725369193,0.11228360286766195,0.6428462722072885,0.3616815278176426,-21.173000303222057,0.4060274141840637,0.47865863637841505,tofu_phi-1_5_forget05_NPO_beta0.1_gamma0.3_epoch5,0.8700490579442348,0.7146740143451298,0.5011551745090097,0.7049996276539804
forget05,NPO,0.1,0.5,5,0.6219161155819893,0.07216319201440323,0.13616879423614592,0.43022023009494204,0.39352743357720954,0.6536083995368316,0.3461201487807587,-21.330064354684342,0.27806842751801014,0.47068851551953556,tofu_phi-1_5_forget05_NPO_beta0.1_gamma0.5_epoch5,0.8757205831098376,0.0,0.45605365888527094,0.4433183017540244
forget05,NPO,0.15,0.2,5,0.6880291204154492,0.09253861108627547,0.243635516371578,0.4117674413645396,0.006094418258803505,0.5982763745511639,0.38438175571677013,-40.53401776884249,0.6244536556303502,0.49075178291831867,tofu_phi-1_5_forget05_NPO_beta0.15_gamma0.2_epoch5,0.773954791462329,0.9845133585646458,0.5695881690980411,0.7863403032388534
forget05,NPO,0.15,0.4,5,0.6670914031565189,0.08709025632763921,0.2294453685870394,0.4227762248773959,0.0297148244707607,0.6281192630713344,0.3626258882795232,-42.763561133502385,0.44579397328197956,0.4630045601969905,tofu_phi-1_5_forget05_NPO_beta0.15_gamma0.4_epoch5,0.8011668028194108,0.9244910978616344,0.41257150382537894,0.7277517163859795
forget05,SimNPO,2.5,0.2,5,0.8020601686835289,0.14547791161507284,0.4044049433246255,0.46501063652974317,3.602472544567432e-09,0.5017726947072574,0.39901998792130056,-89.38093777361615,0.7997235441207886,0.5549137687318657,tofu_phi-1_5_forget05_SimNPO_beta2.5_gamma0.2_epoch5,0.5095474775035393,0.9999999908457357,0.9326695899269137,0.8081424909003203
forget05,SimNPO,2.5,0.15,5,0.8270449310541153,0.18178013095329185,0.48728937305510045,0.4651482821420686,1.2127544312107394e-10,0.49215600463576353,0.40056009073145155,-94.07753599539113,0.800446558073163,0.5578838222388542,tofu_phi-1_5_forget05_SimNPO_beta2.5_gamma0.15_epoch5,0.3282346870041638,0.9999999996918715,0.9494766016423692,0.7497251208363231
forget10,NPO,0.2,0.2,5,0.7454012639820575,0.09927024257416077,0.3248795047076419,0.43188245621760535,1.652551353350331e-08,0.5546655828526877,0.38961524822204563,-76.15750580809271,0.7471477713435888,0.5377139918870376,tofu_phi-1_5_forget10_NPO_beta0.2_gamma0.2_epoch5,0.7403334065461464,0.9999999580067519,0.8353390703743037,0.8597183987058055
forget10,NPO,0.2,0.4,5,0.7432470858097077,0.10855343644066635,0.3491962819872424,0.44150693268322255,6.784754222980868e-07,0.5691602834108447,0.38551672894051364,-78.84198804270196,0.6182734641060234,0.5023458821325607,tofu_phi-1_5_forget10_NPO_beta0.2_gamma0.4_epoch5,0.6939681480201814,0.9999982759133265,0.6351971424264369,0.7834473911046588
forget10,SimNPO,2.0,0.15,5,0.7938653134554624,0.12681244382494147,0.41555152939632534,0.44252232690439014,2.734462451060329e-12,0.52420406417849,0.394719870685809,-90.13665349284152,0.773065142184496,0.5452811639630751,tofu_phi-1_5_forget10_SimNPO_beta2.0_gamma0.15_epoch5,0.6027728536017425,0.9999999999930982,0.8781603695312287,0.8244186096175629
forget10,SimNPO,2.0,0.175,5,0.7814354964345693,0.12257708700800402,0.3738139044493437,0.4303947825274013,4.640299916950861e-12,0.5283076918100695,0.3957817695760731,-86.38931064498198,0.7745200992375613,0.542948832345033,tofu_phi-1_5_forget10_SimNPO_beta2.0_gamma0.175_epoch5,0.6239265014293014,0.9999999999882552,0.8649621141002996,0.8278629097262346
forget10,SimNPO,2.5,0.1,5,0.8471108993887901,0.17742784827462763,0.581284383572638,0.46212156582308994,3.277026375806354e-14,0.5105300611734,0.4000227523163318,-97.23858688575952,0.7842474957183003,0.5583078845032232,tofu_phi-1_5_forget10_SimNPO_beta2.5_gamma0.1_epoch5,0.3499723254157062,0.9999999999999635,0.9518762955968928,0.7580532025745521
forget10,SimNPO,3.0,0.15,5,0.8251558366417885,0.15333281673501448,0.5099985435977579,0.45072514446782436,5.805666105234786e-14,0.5157583497710935,0.39683950909867827,-95.68984713502343,0.7840293648838997,0.5561997773989954,tofu_phi-1_5_forget10_SimNPO_beta3.0_gamma0.15_epoch5,0.4703158604738594,0.9999999999998992,0.9399468873506027,0.7965946173709962
forget05,SimNPO,2.5,0.175,5,0.8118469007313251,0.16152814751945377,0.44236802831292155,0.4531836072622138,1.8694649189611297e-09,0.49776332603607626,0.40007945418880464,-91.88630093596592,0.7993313494324684,0.5524476870123903,tofu_phi-1_5_forget05_SimNPO_beta2.5_gamma0.175_epoch5,0.4293839747467587,0.9999999952495141,0.9187144661377404,0.7758987293400176
forget05,SimNPO,2.75,0.2,5,0.8083235797286034,0.15575146796488376,0.429544394724071,0.4585230428370303,9.594235055800515e-10,0.4992860864127983,0.39799342082213873,-91.54535701937706,0.799028002768755,0.5537754028401478,tofu_phi-1_5_forget05_SimNPO_beta2.75_gamma0.2_epoch5,0.45823581656120915,0.9999999975620375,0.9262277770661155,0.788250868062971
forget10,NPO,0.15,0.2,5,0.7091998306661844,0.08519268360245476,0.26413131644483656,0.4200969744446237,6.392505006995772e-06,0.5685237428046063,0.3869134707888219,-64.53385969194714,0.6992983469367027,0.5154756513505504,tofu_phi-1_5_forget10_NPO_beta0.15_gamma0.2_epoch5,0.8106443006763112,0.999983755884741,0.7094962028806469,0.8465686806605623
forget10,NPO,0.15,0.4,5,0.7041427926719188,0.08948941863909558,0.2854444295633584,0.43083619069926554,2.5720789009736948e-05,0.5825035771827705,0.38591345403396904,-68.52414210854958,0.5492129097878933,0.4835045296382937,tofu_phi-1_5_forget10_NPO_beta0.15_gamma0.4_epoch5,0.789184097037753,0.9999346404169144,0.528577234279646,0.7847647283930272
forget10,SimNPO,2.25,0.2,5,0.7776039976626634,0.12019527211666581,0.36169182730838656,0.4294524927085893,3.647961791830168e-11,0.5317581512267486,0.39430639662812955,-86.62415222810016,0.7744886409863829,0.539122356010081,tofu_phi-1_5_forget10_SimNPO_beta2.25_gamma0.2_epoch5,0.6358225648731923,0.9999999999073477,0.8433087558563734,0.825530524430101
forget10,SimNPO,3.0,0.175,5,0.8152942872792482,0.14210808199934732,0.4745623619481921,0.44572018216352943,5.805666105234786e-14,0.5185146942979985,0.39394685401209956,-94.53183519068216,0.7815436746552586,0.5546911118059727,tofu_phi-1_5_forget10_SimNPO_beta3.0_gamma0.175_epoch5,0.5263782173941822,0.9999999999998992,0.9314096134472964,0.8136552601221173
forget05,NPO,0.2,0.3,5,0.6997655972838401,0.09790451757099947,0.2849840559437871,0.4129200519504303,0.008539483949831865,0.5998512236226019,0.38286841630157337,-53.53202573497824,0.581151629164815,0.4857255922432662,tofu_phi-1_5_forget05_NPO_beta0.2_gamma0.3_epoch5,0.7471545710890328,0.9783001559200359,0.5411458378871894,0.7662529058193308
forget05,NPO,0.2,0.5,5,0.6819581897556781,0.09018611885478978,0.25953621285036205,0.4222583408962346,0.016258459276759563,0.6204836500659744,0.3627147309248249,-54.04152619459983,0.4608279883116484,0.4678120998294388,tofu_phi-1_5_forget05_NPO_beta0.2_gamma0.5_epoch5,0.7857044017862829,0.9586853218111107,0.4397765271473331,0.7424693614032876
forget05,SimNPO,2.5,0.125,5,0.8454421922564507,0.19733352344396202,0.5376486512646079,0.4794629621005388,5.951062636424447e-11,0.48813923074775206,0.4010500138271026,-96.25727856324588,0.8019859540462494,0.5548359760972287,tofu_phi-1_5_forget05_SimNPO_beta2.5_gamma0.125_epoch5,0.2505526872359978,0.9999999998488232,0.9322293750558199,0.7173622529964332
forget10,NPO,0.1,0.2,5,0.6438624250143766,0.07088636112818915,0.1696430790895829,0.3934970737788066,0.0007748993373290397,0.5893790788055397,0.3903941608915951,-28.348010927689355,0.60497987434268,0.4868299732799092,tofu_phi-1_5_forget10_NPO_beta0.1_gamma0.2_epoch5,0.8820977626651254,0.9980308886466522,0.5473953364155864,0.822263628883798
forget10,NPO,0.1,0.4,5,0.6377641680836678,0.06951482285072315,0.19059637336817103,0.4129705231039601,0.001024214776236788,0.6094956395743558,0.3765794585977685,-40.64783884350274,0.4236457700282335,0.45536340465869174,tofu_phi-1_5_forget10_NPO_beta0.1_gamma0.4_epoch5,0.8889479618236727,0.9973973484722317,0.36933154523553513,0.771020322174227
forget10,NPO,0.05,0.3,5,0.505202492326498,0.04764702575115457,0.049792986630272935,0.32168412671842794,0.054052912731737235,0.6524219958246528,0.3515550264241329,38.15872051209091,0.28318262345157563,0.3900969272063335,tofu_phi-1_5_forget10_NPO_beta0.05_gamma0.3_epoch5,0.9981674912760407,0.8626451217380853,0.0,0.651284414554944
forget10,NPO,0.05,0.5,5,0.5035262521728874,0.047280123154525004,0.049876497905424914,0.3351737207274455,0.015755280926407406,0.6699838370870635,0.3108551871177141,22.733070145118656,0.15779169416986405,0.4055536104771974,tofu_phi-1_5_forget10_NPO_beta0.05_gamma0.5_epoch5,1.0,0.9599639578283718,0.08746665883433773,0.7122273828902314
forget10,SimNPO,2.25,0.15,5,0.8064371717721224,0.13789658119626622,0.45086804213002324,0.4464898135210264,5.418551024174982e-13,0.5224298095258133,0.3948771429458894,-92.8565644145591,0.7779466070234775,0.551263682923955,tofu_phi-1_5_forget10_SimNPO_beta2.25_gamma0.15_epoch5,0.5474127154694303,0.9999999999986698,0.9120143947287048,0.8151987688324465
forget10,SimNPO,3.0,0.125,5,0.8403065368533135,0.1664506587566241,0.5575789057090879,0.4567599883593347,1.8397341057158477e-14,0.5122420466567038,0.3994433641242026,-97.02803925951568,0.7834632313996553,0.5518587555933963,tofu_phi-1_5_forget10_SimNPO_beta3.0_gamma0.125_epoch5,0.40479830849973,1.0,0.9153818065626376,0.7662939499436967
forget05,NPO,0.05,0.3,5,0.5234950661659241,0.05845561059586814,0.0506795991177205,0.3647917329315737,0.0020827633834865906,0.6867050471502071,0.32164604201582214,23.429359481546207,0.19549039324279874,0.43163720787342186,tofu_phi-1_5_forget05_NPO_beta0.05_gamma0.3_epoch5,0.9441836105307368,0.9947074505974445,0.23506916026673388,0.7491326194748836
forget05,NPO,0.05,0.5,5,0.4944744603335857,0.05559111426064014,0.0384057558553468,0.3381967435010331,0.0020827633834865906,0.6896614601287406,0.28315010207961333,19.188630092064248,0.1234680862328969,0.4070272674763336,tofu_phi-1_5_forget05_NPO_beta0.05_gamma0.5_epoch5,0.9584904444759725,0.9947074505974445,0.09580582524691805,0.7123610108497713
forget05,SimNPO,2.0,0.1,5,0.8555933994054794,0.2203305008511377,0.5675039602443576,0.47812795203872743,2.8873674273022313e-11,0.4869494443940025,0.4038731381797599,-96.6097149714052,0.801988921687007,0.5664038413564412,tofu_phi-1_5_forget05_SimNPO_beta2.0_gamma0.1_epoch5,0.13569342455845923,0.9999999999266753,0.9976898950353158,0.6967996670803918
forget05,SimNPO,2.25,0.1,5,0.8579581665992737,0.22216286967880478,0.5780345546826721,0.4877880033030618,5.951062636424447e-11,0.48626325296716855,0.406063351271071,-97.22647868568396,0.8023129854351282,0.5655655460215638,tofu_phi-1_5_forget05_SimNPO_beta2.25_gamma0.1_epoch5,0.12654159000330267,0.9999999998488232,0.9929461288098445,0.6921733950911974
forget05,SimNPO,2.75,0.15,5,0.8344199046492576,0.18535332502739593,0.505275355540216,0.4641566274583137,4.869254633582969e-10,0.4917731785993731,0.3995628549851976,-95.28807844080785,0.8015620696544647,0.5593099722131821,tofu_phi-1_5_forget05_SimNPO_beta2.75_gamma0.15_epoch5,0.3103882357297766,0.9999999987627113,0.9575469341364221,0.7458999623132974
forget05,SimNPO,3.0,0.2,5,0.8129195871949196,0.15515116934176537,0.4456452191993594,0.4612399862317028,3.602472544567432e-09,0.4983329878708143,0.40224232994974657,-93.04704258457754,0.8013050298392773,0.5621409727399077,tofu_phi-1_5_forget05_SimNPO_beta3.0_gamma0.2_epoch5,0.46123403045762346,0.9999999908457357,0.9735670694326988,0.8035020282859853
forget10,SimNPO,2.0,0.2,5,0.768357278779149,0.11383145547837176,0.3268289833515883,0.4263306738716341,7.832452544383501e-12,0.5324121360377919,0.39476099651150615,-81.24911426966307,0.7713643243536353,0.5461578289060731,tofu_phi-1_5_forget10_SimNPO_beta2.0_gamma0.2_epoch5,0.6676068847839225,0.9999999999801436,0.8831212626373046,0.8485987884586144
forget10,SimNPO,2.0,0.125,5,0.8152363841235638,0.14407658121315478,0.4776090063713491,0.4490112480803337,3.1252666340221845e-13,0.5185273196549475,0.3943700610777539,-93.71292639437792,0.7783478865772486,0.5442678840270679,tofu_phi-1_5_forget10_SimNPO_beta2.0_gamma0.125_epoch5,0.5165464745405024,0.9999999999992526,0.8724263961481106,0.7925191849333474
forget10,SimNPO,2.75,0.1,5,0.8503234857320785,0.18505365330574533,0.5922874977439642,0.46854819538207176,1.8397341057158477e-14,0.5103242959794434,0.39974729282310917,-97.54833483590673,0.7842650281637907,0.5571582253231334,tofu_phi-1_5_forget10_SimNPO_beta2.75_gamma0.1_epoch5,0.31188495733734567,1.0,0.9453705759985472,0.7427709078676351
forget10,SimNPO,3.0,0.1,5,0.8579317797720433,0.19385664178438816,0.6067364317923785,0.4741132555346686,3.277026375806354e-14,0.5083725945671278,0.3999203860708647,-97.83986231839825,0.7855440733954311,0.5609123759697272,tofu_phi-1_5_forget10_SimNPO_beta3.0_gamma0.1_epoch5,0.26791810255840887,0.9999999999999635,0.9666146558612236,0.7337557326537973
forget05,NPO,0.2,0.2,5,0.711809538602829,0.09668978923012755,0.2759721226245165,0.4084335503290318,0.0030098470801667434,0.5820693879684905,0.3931184056264204,-51.01517008105806,0.6760859939455987,0.49857162683471024,tofu_phi-1_5_forget05_NPO_beta0.2_gamma0.2_epoch5,0.7532215771618623,0.9923516206918825,0.6138392938695564,0.7951024074096775
forget05,NPO,0.2,0.4,5,0.6886262264847756,0.09079130193325176,0.2715354508301243,0.4139890750688334,0.016258459276759563,0.6127629015568936,0.37120238892959057,-53.04934108902094,0.5122267520055175,0.46706890801931417,tofu_phi-1_5_forget05_NPO_beta0.2_gamma0.4_epoch5,0.7826817922952035,0.9586853218111107,0.43557093508301375,0.740149770462114
forget05,SimNPO,2.0,0.125,5,0.8341281056404114,0.18460758011900327,0.5057774045690894,0.46677191841830706,1.2127544312107394e-10,0.49046996632582746,0.4019544887748827,-94.13116762271972,0.7993701078742742,0.5596193008454488,tofu_phi-1_5_forget05_SimNPO_beta2.0_gamma0.125_epoch5,0.31411288653091984,0.9999999996918715,0.9592973705963034,0.747728721356868
forget05,SimNPO,2.75,0.1,5,0.8656772968173027,0.23093134569865092,0.6033761528506875,0.490886412619425,2.8873674273022313e-11,0.4829278482099773,0.4032571971008797,-97.95433648514336,0.8049258238077164,0.564525433598814,tofu_phi-1_5_forget05_SimNPO_beta2.75_gamma0.1_epoch5,0.08274710898898674,0.9999999999266753,0.9870603150918714,0.6750795826480431
forget10,NPO,0.1,0.3,5,0.636898420676589,0.06939781858620085,0.18281388911709656,0.38987924049814965,0.0007748993373290397,0.5995983125339523,0.3859458240953623,-33.10861422684747,0.4995697078667581,0.4600320663214393,tofu_phi-1_5_forget10_NPO_beta0.1_gamma0.3_epoch5,0.8895323439933471,0.9980308886466522,0.3957506824923774,0.7793723361717129
forget10,NPO,0.1,0.5,5,0.6420593969523907,0.06873891871753925,0.19162100988440214,0.4194422088102612,0.0007748993373290397,0.6154274637423148,0.3664894883910283,-46.17471403240414,0.37139750881120565,0.45478558680978304,tofu_phi-1_5_forget10_NPO_beta0.1_gamma0.5_epoch5,0.8928232439995881,0.9980308886466522,0.36606177540372675,0.7716174790473022
forget10,NPO,0.05,0.2,5,0.5025111841410399,0.04772967027019007,0.03937052634500105,0.3240940762152168,0.32218506015364723,0.636821077465046,0.3726965411880156,49.380504091607584,0.3909093699418008,0.4235772300092088,tofu_phi-1_5_forget10_NPO_beta0.05_gamma0.2_epoch5,0.9977547201386565,0.18128945363492266,0.1894591596147614,0.4695032087051811
forget10,NPO,0.05,0.4,5,0.5082149394974113,0.04760536079240575,0.05110100135723769,0.32736586181566324,0.019594795142993927,0.6627312292610344,0.3342022536516453,29.116307313838846,0.20338501962367445,0.40850711052055827,tofu_phi-1_5_forget10_NPO_beta0.05_gamma0.4_epoch5,0.9983755884688432,0.9502072956773114,0.10417999740334419,0.7132580086721574
forget10,SimNPO,2.25,0.1,5,0.8424171535670757,0.17068125629594866,0.5664632585644722,0.46191950085983324,3.277026375806354e-14,0.5116519948580123,0.39801306604780484,-96.78003844975727,0.7826228092238307,0.557854823790732,tofu_phi-1_5_forget10_SimNPO_beta2.25_gamma0.1_epoch5,0.38366843106198434,0.9999999999999635,0.949312504512074,0.7690777022253039
forget10,SimNPO,2.75,0.15,5,0.8168815732002258,0.1510675607837991,0.4851509072445333,0.4457858433480538,3.1252666340221845e-13,0.5167079230176426,0.39377743169830814,-94.49843099998002,0.7793428632616997,0.5564896064163009,tofu_phi-1_5_forget10_SimNPO_beta2.75_gamma0.15_epoch5,0.48162976593742346,0.9999999999992526,0.9415869789105257,0.8010465117509942
forget05,NPO,0.05,0.2,5,0.5421592450141907,0.06144571146382481,0.05935469844407635,0.3874609680013744,0.0020827633834865906,0.680334092515314,0.35226882475572846,24.58243946911086,0.2829513410385698,0.4647807275461412,tofu_phi-1_5_forget05_NPO_beta0.05_gamma0.2_epoch5,0.9292494400550199,0.9947074505974445,0.42262252323480826,0.800171668698805
forget05,NPO,0.05,0.4,5,0.5113832850754261,0.05818962993909801,0.04410587630278315,0.3526902488589681,0.004304993380033157,0.6875183565883711,0.3013558029618893,21.29558687997307,0.1507480747019872,0.4221796937813107,tofu_phi-1_5_forget05_NPO_beta0.05_gamma0.4_epoch5,0.9455120608562815,0.9890604999481686,0.1815507472916201,0.7315656204690435
forget05,SimNPO,2.5,0.1,5,0.8616235893964768,0.22345236492913906,0.5943251033872365,0.4920839250144248,5.951062636424447e-11,0.4835046207072549,0.40474508384321656,-97.73597914530555,0.8034874384105205,0.5668120718895087,tofu_phi-1_5_forget05_SimNPO_beta2.5_gamma0.1_epoch5,0.12010115780835828,0.9999999998488232,1.0,0.6920354051800135
forget05,SimNPO,2.25,0.15,5,0.8206382589042187,0.17303185539409188,0.4703858505934477,0.46530783799406394,2.44374577116149e-10,0.4958149080595935,0.4007901292076624,-92.96659514358466,0.7992054717242718,0.5533331964459279,tofu_phi-1_5_forget05_SimNPO_beta2.25_gamma0.15_epoch5,0.37192827606322465,0.9999999993790619,0.9237254086640598,0.7572925190040183
forget05,SimNPO,2.25,0.125,5,0.8406341129541397,0.19219523755434686,0.5205398814752698,0.47358950710081266,1.2127544312107394e-10,0.4906323471471257,0.4017617931753899,-95.20763099981494,0.8007022383064032,0.5600930001583955,tofu_phi-1_5_forget05_SimNPO_beta2.25_gamma0.125_epoch5,0.27621604804459887,0.9999999996918715,0.9619779519001639,0.7352690022778138
forget05,SimNPO,2.75,0.175,5,0.8197625452280044,0.1735717159089524,0.46539283625781536,0.4585553729720284,2.44374577116149e-10,0.49594302717073246,0.3985725095165745,-93.37266317907255,0.8004326909780503,0.5545892070737792,tofu_phi-1_5_forget05_SimNPO_beta2.75_gamma0.175_epoch5,0.3692319225560786,0.9999999993790619,0.9308329524464739,0.7584810584112414
forget05,SimNPO,3.0,0.125,5,0.8548445823788643,0.20942598210243651,0.5633106340467929,0.48431056454639565,1.2127544312107394e-10,0.48552114663761503,0.4026681550536268,-97.41035855081054,0.8040156720578671,0.5606397523502857,tofu_phi-1_5_forget05_SimNPO_beta3.0_gamma0.125_epoch5,0.19015645077069543,0.9999999996918715,0.9650719266292145,0.7060763356506627
forget10,SimNPO,2.5,0.2,5,0.7865621415525674,0.12135948826008398,0.39121802522800864,0.43833485389948257,4.640299916950861e-12,0.5271732060039156,0.39322743644927904,-89.71353374394758,0.7760198376700282,0.54679190592458,tofu_phi-1_5_forget10_SimNPO_beta2.5_gamma0.2_epoch5,0.6300078438573524,0.9999999999882552,0.8867093932394878,0.836515563317809
forget10,SimNPO,2.5,0.125,5,0.8274200268089771,0.15732452129244828,0.5171977303177119,0.45806459380473075,1.0229984068189572e-13,0.51428034105041,0.3977293981907906,-95.73539830416267,0.7805551001057028,0.5555736093126997,tofu_phi-1_5_forget10_SimNPO_beta2.5_gamma0.125_epoch5,0.45037914295765413,0.9999999999997868,0.9364035120082216,0.7885537536375707
forget10,SimNPO,2.25,0.175,5,0.7899331552535296,0.12492698073726992,0.4075881309621036,0.43680583433420184,2.734462451060329e-12,0.5254610433163669,0.39578965012183703,-90.33100514783585,0.7757947638258338,0.5376207007801155,tofu_phi-1_5_forget10_SimNPO_beta2.25_gamma0.175_epoch5,0.6121898694217474,0.9999999999930982,0.8348111523676757,0.8147098000054986
forget10,SimNPO,2.75,0.125,5,0.8335760949552059,0.1603348967188372,0.5364863241836428,0.4591464363928608,5.805666105234786e-14,0.5130145537112616,0.3948278916528682,-96.30833078711476,0.7827662526071072,0.5473189235057245,tofu_phi-1_5_forget10_SimNPO_beta2.75_gamma0.125_epoch5,0.43534371044252185,0.9999999999998992,0.8896916932686638,0.7692778066354464
