analysis_group,model,forget_set,method,beta,gamma,alpha,extraction_strength,extraction_strength_retain,model_utility,extraction_strength_norm,extraction_strength_retain_norm,model_utility_norm,folder
Llama-2-7b-chat-hf_forget05,Llama-2-7b-chat-hf,forget05,NPO,0.1,0.2,,0.07583165768310667,0.37884100096902557,0.5482905294530352,0.12098882454736719,0.2519231350337305,0.29627726227228524,tofu_Llama-2-7b-chat-hf_forget05_NPO_beta0.1_gamma0.2_epoch5
Llama-2-7b-chat-hf_forget05,Llama-2-7b-chat-hf,forget05,NPO,0.15,0.2,,0.09067750181618849,0.44618762121328787,0.5757175328425713,0.1939173696400834,0.3463389449997283,0.5180291540164952,tofu_Llama-2-7b-chat-hf_forget05_NPO_beta0.15_gamma0.2_epoch5
Llama-2-7b-chat-hf_forget05,Llama-2-7b-chat-hf,forget05,NPO,0.2,0.2,,0.1049800211344662,0.5103548737099941,0.5819738215279525,0.26417689248649046,0.43629747737738495,0.5686122903357358,tofu_Llama-2-7b-chat-hf_forget05_NPO_beta0.2_gamma0.2_epoch5
Llama-2-7b-chat-hf_forget05,Llama-2-7b-chat-hf,forget05,NPO,0.05,0.2,,0.05120232730511189,0.2872537113352484,0.570380703798709,0.0,0.12352340091195427,0.4748800020809459,tofu_Llama-2-7b-chat-hf_forget05_NPO_beta0.05_gamma0.2_epoch5
Llama-2-7b-chat-hf_forget05,Llama-2-7b-chat-hf,forget05,SimNPO,2.0,0.2,,0.14846656885778875,0.6960918003772768,0.6105518053512804,0.47779968335897804,0.6966891987181554,0.7996700506405366,tofu_Llama-2-7b-chat-hf_forget05_SimNPO_beta2.0_gamma0.2_epoch5
Llama-2-7b-chat-hf_forget05,Llama-2-7b-chat-hf,forget05,SimNPO,2.25,0.15,,0.18062442607611603,0.7085124047018272,0.6094752462146158,0.6357715520657169,0.7141021203067411,0.7909658906658101,tofu_Llama-2-7b-chat-hf_forget05_SimNPO_beta2.25_gamma0.15_epoch5
Llama-2-7b-chat-hf_forget05,Llama-2-7b-chat-hf,forget05,SimNPO,2.0,0.15,,0.16623332109589734,0.7041181055478384,0.6083042265411164,0.5650768620854292,0.7079415837816421,0.781498001513645,tofu_Llama-2-7b-chat-hf_forget05_SimNPO_beta2.0_gamma0.15_epoch5
Llama-2-7b-chat-hf_forget05,Llama-2-7b-chat-hf,forget05,TVC,0.8,,0.9,0.10183894248251456,0.9124428263046898,0.6333630143124956,0.24874669572198557,1.0,0.9841024754402449,evals_a0.9_b0.8
Llama-2-7b-chat-hf_forget05,Llama-2-7b-chat-hf,forget05,TVC,1.0,,0.9,0.10096953411310619,0.8938610658349478,0.6348492537506379,0.24447582456747205,0.9739495173034416,0.9961189689051725,evals_a0.9_b1.0
Llama-2-7b-chat-hf_forget05,Llama-2-7b-chat-hf,forget05,TVC,0.9,,1.1,0.09175617030457169,0.8917271931936588,0.6295962899926416,0.19921620767111534,0.9709579594040123,0.9536478817778097,evals_a1.1_b0.9
Llama-2-7b-chat-hf_forget05,Llama-2-7b-chat-hf,forget05,TVC,1.1,,1.1,0.09376504067116016,0.8821729192557715,0.6334702671875415,0.20908455815370636,0.9575634563211421,0.9849696328033238,evals_a1.1_b1.1
Llama-2-7b-chat-hf_forget05,Llama-2-7b-chat-hf,forget05,TVC,0.8,,1.2,0.07415429141590107,0.8407314008133969,0.5924055213555394,0.11274895079156545,0.8994650021482918,0.6529543213633646,evals_a1.2_b0.8
Llama-2-7b-chat-hf_forget05,Llama-2-7b-chat-hf,forget05,TVC,1.0,,1.2,0.0859621071063282,0.8768972355196013,0.6299183768071833,0.17075352172107564,0.9501672729452231,0.956252007333055,evals_a1.2_b1.0
Llama-2-7b-chat-hf_forget05,Llama-2-7b-chat-hf,forget05,TVC,0.8,,1.0,0.09889716848081045,0.9042095496770185,0.6313149493972393,0.23429556070987884,0.9884574537125057,0.9675435293927045,evals_a1.0_b0.8
Llama-2-7b-chat-hf_forget05,Llama-2-7b-chat-hf,forget05,TVC,1.0,,1.0,0.09917982057326798,0.8934581682132847,0.6336421791354457,0.23568405742893067,0.9733846796746976,0.9863595695426666,evals_a1.0_b1.0
Llama-2-7b-chat-hf_forget05,Llama-2-7b-chat-hf,forget05,TVC,0.9,,1.2,0.08079379793686575,0.8808200408439174,0.6245488589684907,0.14536478229073665,0.9556668041865966,0.9128385610453481,evals_a1.2_b0.9
Llama-2-7b-chat-hf_forget05,Llama-2-7b-chat-hf,forget05,TVC,1.1,,1.2,0.08356687137574094,0.876780442030699,0.6303380652325677,0.1589871946991876,0.9500035356735758,0.9596452581723958,evals_a1.2_b1.1
Llama-2-7b-chat-hf_forget05,Llama-2-7b-chat-hf,forget05,TVC,0.9,,0.9,0.10135264418961248,0.8972303570372621,0.6339975713687526,0.24635780987187814,0.9786730558674264,0.9892329749573119,evals_a0.9_b0.9
Llama-2-7b-chat-hf_forget05,Llama-2-7b-chat-hf,forget05,TVC,1.1,,0.9,0.1008043872032784,0.8929241781383714,0.6353292724424988,0.24366455888582175,0.9726360585077573,1.0,evals_a0.9_b1.1
Llama-2-7b-chat-hf_forget05,Llama-2-7b-chat-hf,forget05,TVC,0.8,,1.1,0.08607566671456868,0.8918940485197052,0.6244125732741871,0.17131137056658666,0.9711918802852485,0.9117366685017019,evals_a1.1_b0.8
Llama-2-7b-chat-hf_forget05,Llama-2-7b-chat-hf,forget05,TVC,1.0,,1.1,0.0972321138855738,0.888641748704949,0.6320226052763168,0.22611616666249282,0.9666323564346269,0.9732650450705426,evals_a1.1_b1.0
Llama-2-7b-chat-hf_forget10,Llama-2-7b-chat-hf,forget10,NPO,0.2,0.3,,0.10070616525811144,0.44637970253995335,0.5857666541652407,0.11550166137680669,0.36554231941306864,0.555583325911797,tofu_Llama-2-7b-chat-hf_forget10_NPO_beta0.2_gamma0.3_epoch5
Llama-2-7b-chat-hf_forget10,Llama-2-7b-chat-hf,forget10,NPO,0.15,0.3,,0.08701986047742703,0.3596795944922849,0.5947289886404415,0.08421200468969116,0.2578777291732684,0.6411628181492867,tofu_Llama-2-7b-chat-hf_forget10_NPO_beta0.15_gamma0.3_epoch5
Llama-2-7b-chat-hf_forget10,Llama-2-7b-chat-hf,forget10,NPO,0.2,0.2,,0.10147316753575117,0.5264430395393832,0.5927813452275386,0.11725518348011782,0.46496533704685655,0.6225651709852431,tofu_Llama-2-7b-chat-hf_forget10_NPO_beta0.2_gamma0.2_epoch5
Llama-2-7b-chat-hf_forget10,Llama-2-7b-chat-hf,forget10,NPO,0.15,0.2,,0.0826227426821767,0.43942807568976405,0.5844008100436138,0.07415930540884778,0.35690975743385955,0.5425411607562985,tofu_Llama-2-7b-chat-hf_forget10_NPO_beta0.15_gamma0.2_epoch5
Llama-2-7b-chat-hf_forget10,Llama-2-7b-chat-hf,forget10,NPO,0.1,0.2,,0.06707671232173965,0.31999139017304046,0.5767607061230471,0.038617940473583946,0.2085927357447067,0.4695873766754946,tofu_Llama-2-7b-chat-hf_forget10_NPO_beta0.1_gamma0.2_epoch5
Llama-2-7b-chat-hf_forget10,Llama-2-7b-chat-hf,forget10,NPO,0.05,0.3,,0.051766189565829415,0.17410768739089824,0.548656378237542,0.003614993483187835,0.027433687199247124,0.20122491857123673,tofu_Llama-2-7b-chat-hf_forget10_NPO_beta0.05_gamma0.3_epoch5
Llama-2-7b-chat-hf_forget10,Llama-2-7b-chat-hf,forget10,NPO,0.05,0.5,,0.050184967276117626,0.15201589621774608,0.5275830465569123,0.0,0.0,0.0,tofu_Llama-2-7b-chat-hf_forget10_NPO_beta0.05_gamma0.5_epoch5
Llama-2-7b-chat-hf_forget10,Llama-2-7b-chat-hf,forget10,NPO,0.05,0.2,,0.0517798642330396,0.2538404885430578,0.5734550559780635,0.0036462565340385808,0.12644624390793036,0.4380224019799768,tofu_Llama-2-7b-chat-hf_forget10_NPO_beta0.05_gamma0.2_epoch5
Llama-2-7b-chat-hf_forget10,Llama-2-7b-chat-hf,forget10,NPO,0.05,0.4,,0.05122288662360397,0.1596244254624427,0.533106218161891,0.0023728932368652575,0.009448306373590832,0.05273963193434547,tofu_Llama-2-7b-chat-hf_forget10_NPO_beta0.05_gamma0.4_epoch5
Llama-2-7b-chat-hf_forget10,Llama-2-7b-chat-hf,forget10,SimNPO,1.5,0.175,,0.16061702540959086,0.545640149228102,0.5949018114989205,0.2524699867216585,0.4888043955551578,0.642813068150175,tofu_Llama-2-7b-chat-hf_forget10_SimNPO_beta1.5_gamma0.175_epoch5
Llama-2-7b-chat-hf_forget10,Llama-2-7b-chat-hf,forget10,SimNPO,2.5,0.05,,0.44123852335636243,0.5841816380186287,0.5893090858832621,0.8940274027285448,0.5366653924016952,0.5894092792449503,tofu_Llama-2-7b-chat-hf_forget10_SimNPO_beta2.5_gamma0.05_epoch5
Llama-2-7b-chat-hf_forget10,Llama-2-7b-chat-hf,forget10,SimNPO,3.5,0.05,,0.4875916450655916,0.5780020967223837,0.5894421760077674,1.0,0.52899160979044,0.5906801295249192,tofu_Llama-2-7b-chat-hf_forget10_SimNPO_beta3.5_gamma0.05_epoch5
Llama-2-7b-chat-hf_forget10,Llama-2-7b-chat-hf,forget10,SimNPO,3.5,0.175,,0.2908610740597217,0.5849625885287293,0.5863638715260033,0.5502341848092286,0.5376351803127013,0.5612860319010575,tofu_Llama-2-7b-chat-hf_forget10_SimNPO_beta3.5_gamma0.175_epoch5
Llama-2-7b-chat-hf_forget10,Llama-2-7b-chat-hf,forget10,SimNPO,1.5,0.15,,0.1843570540949127,0.5529108960179617,0.5950686686615464,0.306744486611091,0.4978332421332636,0.6444063529459191,tofu_Llama-2-7b-chat-hf_forget10_SimNPO_beta1.5_gamma0.15_epoch5
Llama-2-7b-chat-hf_forget10,Llama-2-7b-chat-hf,forget10,SimNPO,1.5,0.125,,0.20284044089933986,0.5666560865952718,0.5926020381307012,0.349001241578429,0.5149020825833863,0.6208530043232672,tofu_Llama-2-7b-chat-hf_forget10_SimNPO_beta1.5_gamma0.125_epoch5
Llama-2-7b-chat-hf_forget10,Llama-2-7b-chat-hf,forget10,SimNPO,2.0,0.15,,0.23489244916377966,0.5736043706412528,0.5928894807483058,0.4222786053956009,0.5235304934530589,0.62359773487646,tofu_Llama-2-7b-chat-hf_forget10_SimNPO_beta2.0_gamma0.15_epoch5
Llama-2-7b-chat-hf_forget10,Llama-2-7b-chat-hf,forget10,SimNPO,3.5,0.125,,0.36011366651396204,0.5932335690727704,0.5870482636558735,0.7085595967673238,0.5479061217360492,0.5678211518664735,tofu_Llama-2-7b-chat-hf_forget10_SimNPO_beta3.5_gamma0.125_epoch5
Llama-2-7b-chat-hf_forget10,Llama-2-7b-chat-hf,forget10,SimNPO,2.0,0.1,,0.28705134795109566,0.5775583669503139,0.5894001229450672,0.5415243815481551,0.5284405841324233,0.5902785734612759,tofu_Llama-2-7b-chat-hf_forget10_SimNPO_beta2.0_gamma0.1_epoch5
Llama-2-7b-chat-hf_forget10,Llama-2-7b-chat-hf,forget10,SimNPO,2.5,0.1,,0.31986119784121725,0.588582647130652,0.5818177450950797,0.6165343243682625,0.5421305856218364,0.5178760037792095,tofu_Llama-2-7b-chat-hf_forget10_SimNPO_beta2.5_gamma0.1_epoch5
Llama-2-7b-chat-hf_forget10,Llama-2-7b-chat-hf,forget10,SimNPO,2.5,0.15,,0.25196653681453784,0.5624569295103032,0.593317300909027,0.4613134178887381,0.5096875501325487,0.6276829017740789,tofu_Llama-2-7b-chat-hf_forget10_SimNPO_beta2.5_gamma0.15_epoch5
Llama-2-7b-chat-hf_forget10,Llama-2-7b-chat-hf,forget10,TVC,1.2,,0.9,0.10274366718358778,0.9373855189755962,0.6302504879457568,0.12015980225333213,0.9752755852913194,0.9803503236451777,evals_a0.9_b1.2
Llama-2-7b-chat-hf_forget10,Llama-2-7b-chat-hf,forget10,TVC,1.2,,0.8,0.11718182489271298,0.9332219444131757,0.6323083053879619,0.15316834657206874,0.9701052393795313,1.0,evals_a0.8_b1.2
Llama-2-7b-chat-hf_forget10,Llama-2-7b-chat-hf,forget10,TVC,1.2,,1.2,0.08348208846806995,0.9313001917687133,0.6265584293957511,0.07612394342086017,0.9677187981666258,0.9450956144067699,evals_a1.2_b1.2
Llama-2-7b-chat-hf_forget10,Llama-2-7b-chat-hf,forget10,TVC,1.2,,1.0,0.09333531138630181,0.9383068622793235,0.6283593824570175,0.0986504008769447,0.9764197136147978,0.9622925455136369,evals_a1.0_b1.2
Llama-2-7b-chat-hf_forget10,Llama-2-7b-chat-hf,forget10,TVC,1.2,,1.1,0.08779936735433776,0.9334889825295829,0.6278738887446298,0.08599411483224802,0.9704368485323778,0.9576566657095971,evals_a1.1_b1.2
Llama-2-7b-chat-hf_forget10,Llama-2-7b-chat-hf,forget10,TVC,0.8,,0.9,0.09859126064361119,0.9531003716351725,0.6284859891189896,0.11066656232164741,0.9947903611130736,0.9635014865407134,evals_a0.9_b0.8
Llama-2-7b-chat-hf_forget10,Llama-2-7b-chat-hf,forget10,TVC,1.0,,0.9,0.09464447917475949,0.9484455016620827,0.6279760650651326,0.10164342282867582,0.989009922315965,0.9586323264207119,evals_a0.9_b1.0
Llama-2-7b-chat-hf_forget10,Llama-2-7b-chat-hf,forget10,TVC,0.7,,1.1,0.08630431434212646,0.9507385228558357,0.6144572916948144,0.08257612171936995,0.99185740650942,0.8295443344575923,evals_a1.1_b0.7
Llama-2-7b-chat-hf_forget10,Llama-2-7b-chat-hf,forget10,TVC,0.9,,1.1,0.08844398001485917,0.9458712141737737,0.6241771686488662,0.08746782955416105,0.9858131603530405,0.9223574443276052,evals_a1.1_b0.9
Llama-2-7b-chat-hf_forget10,Llama-2-7b-chat-hf,forget10,TVC,1.1,,1.1,0.08935164243190022,0.9425447841390893,0.6277115345540258,0.08954292914255349,0.9816823843400653,0.9561063788693814,evals_a1.1_b1.1
Llama-2-7b-chat-hf_forget10,Llama-2-7b-chat-hf,forget10,TVC,0.7,,1.0,0.0900238664440815,0.9539056213789944,0.6188785142133129,0.09107976899049204,0.9957903239235192,0.871761680758269,evals_a1.0_b0.7
Llama-2-7b-chat-hf_forget10,Llama-2-7b-chat-hf,forget10,TVC,0.8,,1.2,0.07626859218732135,0.9348670768155728,0.585139427665482,0.059632434152635194,0.9721481723121743,0.5495940688141321,evals_a1.2_b0.8
Llama-2-7b-chat-hf_forget10,Llama-2-7b-chat-hf,forget10,TVC,0.8,,0.8,0.10854018244329472,0.9547256051446636,0.6291835341615796,0.13341180674718403,0.9968085835096033,0.9701622009698402,evals_a0.8_b0.8
Llama-2-7b-chat-hf_forget10,Llama-2-7b-chat-hf,forget10,TVC,1.0,,0.8,0.10894942365234153,0.9474282197493179,0.6300522536460045,0.13434741479760293,0.9877466569895137,0.9784574250076856,evals_a0.8_b1.0
Llama-2-7b-chat-hf_forget10,Llama-2-7b-chat-hf,forget10,TVC,1.1,,1.0,0.09268426423195984,0.9484221478229395,0.6279581220642357,0.09716197560270752,0.9889809214118312,0.9584609923882432,evals_a1.0_b1.1
Llama-2-7b-chat-hf_forget10,Llama-2-7b-chat-hf,forget10,TVC,0.8,,1.0,0.0931958445469532,0.9508661382836933,0.6254384884541803,0.09833155151677161,0.9920158799307104,0.9344015282419638,evals_a1.0_b0.8
Llama-2-7b-chat-hf_forget10,Llama-2-7b-chat-hf,forget10,TVC,1.0,,1.0,0.0913062877089092,0.9479477337804844,0.6277789792790919,0.09401164298772656,0.9883917918866768,0.9567503947049005,evals_a1.0_b1.0
Llama-2-7b-chat-hf_forget10,Llama-2-7b-chat-hf,forget10,TVC,0.7,,1.2,0.07528496527038135,0.9344528024146576,0.574562352132938,0.05738366437639181,0.9716337244686162,0.4485957456721702,evals_a1.2_b0.7
Llama-2-7b-chat-hf_forget10,Llama-2-7b-chat-hf,forget10,TVC,0.9,,1.2,0.08468254109080395,0.9406641595255352,0.6170870161808459,0.07886842054864598,0.9793470161038242,0.8546550337806081,evals_a1.2_b0.9
Llama-2-7b-chat-hf_forget10,Llama-2-7b-chat-hf,forget10,TVC,0.9,,0.8,0.10746227677161052,0.954474335188205,0.6299979143028126,0.13094749669793737,0.9964965553298137,0.9779385497735882,evals_a0.8_b0.9
Llama-2-7b-chat-hf_forget10,Llama-2-7b-chat-hf,forget10,TVC,1.1,,0.8,0.11274229760475649,0.9466816766191297,0.6313672008285812,0.14301869062627348,0.986819596320064,0.9910135857396262,evals_a0.8_b1.1
Llama-2-7b-chat-hf_forget10,Llama-2-7b-chat-hf,forget10,TVC,1.1,,1.2,0.08506383264806396,0.9377984175629918,0.6249948599085156,0.07974013005062923,0.9757883246433636,0.9301654103214495,evals_a1.2_b1.1
Llama-2-7b-chat-hf_forget10,Llama-2-7b-chat-hf,forget10,TVC,0.7,,0.9,0.09899236422580865,0.9572955880325028,0.6249773617237219,0.11158356611368944,1.0,0.9299983237466442,evals_a0.9_b0.7
Llama-2-7b-chat-hf_forget10,Llama-2-7b-chat-hf,forget10,TVC,0.9,,0.9,0.09604173526807508,0.9514525072583564,0.628788873896929,0.10483783243480464,0.9927440356021167,0.9663936711131862,evals_a0.9_b0.9
Llama-2-7b-chat-hf_forget10,Llama-2-7b-chat-hf,forget10,TVC,0.8,,1.1,0.08655754028285241,0.9427415992966794,0.6176753362896306,0.0831550473590188,0.981926790301858,0.8602727817370371,evals_a1.1_b0.8
Llama-2-7b-chat-hf_forget10,Llama-2-7b-chat-hf,forget10,TVC,1.0,,1.1,0.08986964747874655,0.9454549364229249,0.6272982118801606,0.09072719329111241,0.9852962247403829,0.9521596454979023,evals_a1.1_b1.0
Llama-2-7b-chat-hf_forget10,Llama-2-7b-chat-hf,forget10,TVC,1.1,,0.9,0.09667163112176537,0.9486838886835581,0.628908672818852,0.10627790156423265,0.9893059524082402,0.967537606427935,evals_a0.9_b1.1
phi-1_5_forget05,phi-1_5,forget05,NPO,0.1,0.2,,0.07301586750306174,0.2178066470781836,0.37484858817554984,0.1296210096939972,0.24061735331908088,0.7059147249392732,tofu_phi-1_5_forget05_NPO_beta0.1_gamma0.2_epoch5
phi-1_5_forget05,phi-1_5,forget05,NPO,0.15,0.2,,0.09253861108627547,0.28734559871836685,0.38438175571677013,0.24257355870099803,0.36592489208511647,0.779303104935208,tofu_phi-1_5_forget05_NPO_beta0.15_gamma0.2_epoch5
phi-1_5_forget05,phi-1_5,forget05,NPO,0.05,0.3,,0.05845561059586814,0.10485298615173497,0.32164604201582214,0.04537987192284892,0.03707753985534571,0.29635004903916123,tofu_phi-1_5_forget05_NPO_beta0.05_gamma0.3_epoch5
phi-1_5_forget05,phi-1_5,forget05,NPO,0.05,0.5,,0.05559111426064014,0.08427694359014644,0.28315010207961333,0.028806783140214117,0.0,0.0,tofu_phi-1_5_forget05_NPO_beta0.05_gamma0.5_epoch5
phi-1_5_forget05,phi-1_5,forget05,NPO,0.2,0.2,,0.09668978923012755,0.35984075028136714,0.3931184056264204,0.26659098999756065,0.4965594328793864,0.8465597203978575,tofu_phi-1_5_forget05_NPO_beta0.2_gamma0.2_epoch5
phi-1_5_forget05,phi-1_5,forget05,NPO,0.05,0.2,,0.06144571146382481,0.13119084217782662,0.35226882475572846,0.06267966963745658,0.08453773068595694,0.5320908357747235,tofu_phi-1_5_forget05_NPO_beta0.05_gamma0.2_epoch5
phi-1_5_forget05,phi-1_5,forget05,NPO,0.05,0.4,,0.05818962993909801,0.09167242064299326,0.3013558029618893,0.04384099020570264,0.01332647394927692,0.14015141228387223,tofu_phi-1_5_forget05_NPO_beta0.05_gamma0.4_epoch5
phi-1_5_forget05,phi-1_5,forget05,SimNPO,2.0,0.2,,0.13590607213635658,0.5383160413359437,0.39603496519662135,0.49348425927385936,0.8181676671869852,0.8690120250587371,tofu_phi-1_5_forget05_SimNPO_beta2.0_gamma0.2_epoch5
phi-1_5_forget05,phi-1_5,forget05,SimNPO,2.25,0.2,,0.14291029673311303,0.5441712503182218,0.3990194410224668,0.534008533879475,0.8287186146664131,0.891987163704815,tofu_phi-1_5_forget05_SimNPO_beta2.25_gamma0.2_epoch5
phi-1_5_forget05,phi-1_5,forget05,SimNPO,2.0,0.15,,0.17087940460825202,0.548522381265219,0.4009622101587131,0.6958291311988546,0.8365592492597866,0.9069430195626642,tofu_phi-1_5_forget05_SimNPO_beta2.0_gamma0.15_epoch5
phi-1_5_forget05,phi-1_5,forget05,SimNPO,2.0,0.175,,0.1530011103054809,0.541082625851406,0.4004193825261168,0.5923908565123149,0.8231529867560032,0.9027642153613306,tofu_phi-1_5_forget05_SimNPO_beta2.0_gamma0.175_epoch5
phi-1_5_forget05,phi-1_5,forget05,SimNPO,2.5,0.2,,0.14547791161507284,0.5492239180165348,0.39901998792130056,0.5488639585050915,0.8378234018187174,0.8919913738500012,tofu_phi-1_5_forget05_SimNPO_beta2.5_gamma0.2_epoch5
phi-1_5_forget05,phi-1_5,forget05,SimNPO,2.5,0.175,,0.16152814751945377,0.5451191740108692,0.40007945418880464,0.6417256533706797,0.8304267506400221,0.9001473736996074,tofu_phi-1_5_forget05_SimNPO_beta2.5_gamma0.175_epoch5
phi-1_5_forget05,phi-1_5,forget05,SimNPO,2.5,0.125,,0.19733352344396202,0.5559129042727305,0.4010500138271026,0.8488844710639332,0.8498767961370663,0.9076189511408038,tofu_phi-1_5_forget05_SimNPO_beta2.5_gamma0.125_epoch5
phi-1_5_forget05,phi-1_5,forget05,SimNPO,2.0,0.1,,0.2203305008511377,0.5587705124016069,0.4038731381797599,0.9819378611535502,0.8550261380949397,0.9293519713434542,tofu_phi-1_5_forget05_SimNPO_beta2.0_gamma0.1_epoch5
phi-1_5_forget05,phi-1_5,forget05,SimNPO,2.25,0.1,,0.22216286967880478,0.5549695962917093,0.406063351271071,0.9925393797835406,0.8481769775661486,0.9462127041399992,tofu_phi-1_5_forget05_SimNPO_beta2.25_gamma0.1_epoch5
phi-1_5_forget05,phi-1_5,forget05,SimNPO,2.0,0.125,,0.18460758011900327,0.5460582177091836,0.4019544887748827,0.7752561036704965,0.8321188850748119,0.9145817943802077,tofu_phi-1_5_forget05_SimNPO_beta2.0_gamma0.125_epoch5
phi-1_5_forget05,phi-1_5,forget05,SimNPO,2.5,0.1,,0.22345236492913906,0.5611178400775815,0.40474508384321656,1.0,0.8592559667998032,0.9360643971357081,tofu_phi-1_5_forget05_SimNPO_beta2.5_gamma0.1_epoch5
phi-1_5_forget05,phi-1_5,forget05,SimNPO,2.25,0.15,,0.17303185539409188,0.5573961211628778,0.4007901292076624,0.7082825449230292,0.8525495177352042,0.9056183032843479,tofu_phi-1_5_forget05_SimNPO_beta2.25_gamma0.15_epoch5
phi-1_5_forget05,phi-1_5,forget05,SimNPO,2.25,0.125,,0.19219523755434686,0.5476275598827341,0.4017617931753899,0.8191559400157783,0.8349468023874986,0.9130983820916923,tofu_phi-1_5_forget05_SimNPO_beta2.25_gamma0.125_epoch5
phi-1_5_forget05,phi-1_5,forget05,TVC,0.8,,0.8,0.08717233417042287,0.6392232167750419,0.413050333447963,0.21152594217418205,1.0,1.0,model_a0.8_b0.8
phi-1_5_forget05,phi-1_5,forget05,TVC,0.8,,1.2,0.057737048896980066,0.4989791671755168,0.36840906493856906,0.041222496441157115,0.7472835545058271,0.6563418860832697,model_a1.2_b0.8
phi-1_5_forget05,phi-1_5,forget05,TVC,1.0,,1.2,0.05711115513359962,0.47377055176962984,0.3957218259614037,0.03760126893898407,0.7018582284445994,0.8666014116832328,model_a1.2_b1.0
phi-1_5_forget05,phi-1_5,forget05,TVC,0.8,,1.0,0.06780339854792632,0.5837900916584439,0.4080193685264741,0.0994632784000903,0.9001108255066542,0.9612705468766801,model_a1.0_b0.8
phi-1_5_forget05,phi-1_5,forget05,TVC,1.0,,1.0,0.0638153324723915,0.4995003328832327,0.4032689299688475,0.07638956302192361,0.7482226827294024,0.9247006462107138,model_a1.0_b1.0
phi-1_5_forget05,phi-1_5,forget05,TVC,1.2,,1.2,0.05061214348355048,0.41630086814664524,0.3846805264799338,0.0,0.5982992239068088,0.7816031067136225,model_a1.2_b1.2
phi-1_5_forget10,phi-1_5,forget10,NPO,0.15,0.3,,0.08941513118911751,0.27605474891890047,0.3912209595475231,0.32374755682982226,0.2575685148781916,0.7546849793950765,tofu_phi-1_5_forget10_NPO_beta0.15_gamma0.3_epoch5
phi-1_5_forget10,phi-1_5,forget10,NPO,0.2,0.2,,0.09927024257416077,0.4194132229527962,0.38961524822204563,0.3994700589015933,0.4468370596980006,0.739606343528784,tofu_phi-1_5_forget10_NPO_beta0.2_gamma0.2_epoch5
phi-1_5_forget10,phi-1_5,forget10,NPO,0.15,0.2,,0.08519268360245476,0.3410689413230498,0.3869134707888219,0.29130405785382246,0.34340328447861995,0.714234959855425,tofu_phi-1_5_forget10_NPO_beta0.15_gamma0.2_epoch5
phi-1_5_forget10,phi-1_5,forget10,NPO,0.1,0.2,,0.07088636112818915,0.2753067635803365,0.3903941608915951,0.1813803349377017,0.25658098974212545,0.7469208217475174,tofu_phi-1_5_forget10_NPO_beta0.1_gamma0.2_epoch5
phi-1_5_forget10,phi-1_5,forget10,NPO,0.05,0.3,,0.04764702575115457,0.10381061251787099,0.3515550264241329,0.0028191241628770943,0.03016377114006082,0.38219700327243633,tofu_phi-1_5_forget10_NPO_beta0.05_gamma0.3_epoch5
phi-1_5_forget10,phi-1_5,forget10,NPO,0.05,0.5,,0.047280123154525004,0.0809635398261904,0.3108551871177141,0.0,0.0,0.0,tofu_phi-1_5_forget10_NPO_beta0.05_gamma0.5_epoch5
phi-1_5_forget10,phi-1_5,forget10,NPO,0.1,0.3,,0.06939781858620085,0.1925984669124969,0.3859458240953623,0.16994300446869315,0.14738563829644952,0.705148150846614,tofu_phi-1_5_forget10_NPO_beta0.1_gamma0.3_epoch5
phi-1_5_forget10,phi-1_5,forget10,NPO,0.05,0.2,,0.04772967027019007,0.14055931195528704,0.3726965411880156,0.0034541296457561007,0.07868111839429942,0.5807290791993701,tofu_phi-1_5_forget10_NPO_beta0.05_gamma0.2_epoch5
phi-1_5_forget10,phi-1_5,forget10,NPO,0.05,0.4,,0.04760536079240575,0.09261195351664865,0.3342022536516453,0.002498988265685107,0.015378779130495625,0.21924358957022747,tofu_phi-1_5_forget10_NPO_beta0.05_gamma0.4_epoch5
phi-1_5_forget10,phi-1_5,forget10,SimNPO,2.0,0.1,,0.16163639028979465,0.4940381654697657,0.3980395322275544,0.8786651248013722,0.5453603899205948,0.8187156509975626,tofu_phi-1_5_forget10_SimNPO_beta2.0_gamma0.1_epoch5
phi-1_5_forget10,phi-1_5,forget10,SimNPO,2.5,0.175,,0.13266995303184723,0.4719289889406823,0.3965807321051079,0.6560992887007666,0.5161708237158479,0.8050166034171813,tofu_phi-1_5_forget10_SimNPO_beta2.5_gamma0.175_epoch5
phi-1_5_forget10,phi-1_5,forget10,SimNPO,2.25,0.125,,0.15361243175853614,0.48520158769314237,0.39601055444658617,0.8170124257330338,0.5336939277303434,0.799662277794929,tofu_phi-1_5_forget10_SimNPO_beta2.25_gamma0.125_epoch5
phi-1_5_forget10,phi-1_5,forget10,SimNPO,2.5,0.15,,0.14197194923483303,0.4824048468921091,0.3959340138741747,0.7275718879674979,0.5300015400621783,0.798943513841485,tofu_phi-1_5_forget10_SimNPO_beta2.5_gamma0.15_epoch5
phi-1_5_forget10,phi-1_5,forget10,SimNPO,2.0,0.175,,0.12257708700800402,0.4743875812725302,0.3957817695760731,0.5785499806776772,0.5194167720010114,0.7975138444498769,tofu_phi-1_5_forget10_SimNPO_beta2.0_gamma0.175_epoch5
phi-1_5_forget10,phi-1_5,forget10,SimNPO,2.5,0.1,,0.17742784827462763,0.49704966855909594,0.4000227523163318,1.0,0.5493363167800221,0.8373393307878872,tofu_phi-1_5_forget10_SimNPO_beta2.5_gamma0.1_epoch5
phi-1_5_forget10,phi-1_5,forget10,SimNPO,2.25,0.2,,0.12019527211666581,0.47115001242553317,0.39430639662812955,0.5602491237926243,0.5151423825827746,0.7836591676496099,tofu_phi-1_5_forget10_SimNPO_beta2.25_gamma0.2_epoch5
phi-1_5_forget10,phi-1_5,forget10,SimNPO,2.0,0.2,,0.11383145547837176,0.4603152309757724,0.39476099651150615,0.5113522519308885,0.5008377986908449,0.7879281455147664,tofu_phi-1_5_forget10_SimNPO_beta2.0_gamma0.2_epoch5
phi-1_5_forget10,phi-1_5,forget10,SimNPO,2.25,0.1,,0.17068125629594866,0.4964772315949317,0.39801306604780484,0.948162044534754,0.5485805587968365,0.8184671169797206,tofu_phi-1_5_forget10_SimNPO_beta2.25_gamma0.1_epoch5
phi-1_5_forget10,phi-1_5,forget10,SimNPO,2.5,0.125,,0.15732452129244828,0.4810549453090641,0.3977293981907906,0.8455345495772005,0.5282193370218997,0.8158032979887092,tofu_phi-1_5_forget10_SimNPO_beta2.5_gamma0.125_epoch5
phi-1_5_forget10,phi-1_5,forget10,SimNPO,2.25,0.175,,0.12492698073726992,0.47927267959736725,0.39578965012183703,0.5966055688725334,0.5258663066900107,0.7975878477144219,tofu_phi-1_5_forget10_SimNPO_beta2.25_gamma0.175_epoch5
phi-1_5_forget10,phi-1_5,forget10,TVC,0.8,,0.8,0.10289306718034447,0.8383977673169687,0.41734435097284583,0.4273063088463426,1.0,1.0,model_a0.8_b0.8
phi-1_5_forget10,phi-1_5,forget10,TVC,1.0,,1.2,0.06125307081172168,0.7307282621577019,0.41706290084408754,0.10736221201179041,0.8578496967110222,0.997357006867467,model_a1.2_b1.0
phi-1_5_forget10,phi-1_5,forget10,TVC,0.8,,1.0,0.0759246013933115,0.8109458283711328,0.41237082249317375,0.22009203935261157,0.9637566696229475,0.9532954499817644,model_a1.0_b0.8
phi-1_5_forget10,phi-1_5,forget10,TVC,1.0,,1.0,0.07235496656323637,0.7742474426349816,0.41691228043122525,0.19266447712068616,0.9153057488641572,0.9959425867761683,model_a1.0_b1.0
phi-1_5_forget10,phi-1_5,forget10,TVC,1.2,,1.2,0.055927605981773355,0.6855427223403394,0.40432177073300046,0.06644359568535141,0.7981936392246147,0.8777098085063252,model_a1.2_b1.2
