model,forget_set,method,beta,gamma,epoch,dir_name,exact_memorization,extraction_strength,extraction_strength_retain,forget_Q_A_Prob,forget_Q_A_ROUGE,forget_quality,forget_truth_ratio,model_utility,privleak,retain_Q_A_Prob,retain_Q_A_ROUGE,alpha,lr,composite_score
Llama-2-7B,forget05,NPO,0.1,0.2,5,tofu_Llama-2-7b-chat-hf_forget05_NPO_beta0.1_gamma0.2_epoch5,0.6882411134243012,0.07583165768310667,0.37884100096902557,0.14583115811343306,0.28471230507613277,0.17793352788293415,0.6909749336585241,0.5482905294530352,-1.3026052102200498,0.6158243650011719,0.5528082465569206,,,0.6247552804183004
Llama-2-7B,forget05,NPO,0.1,0.4,5,tofu_Llama-2-7b-chat-hf_forget05_NPO_beta0.1_gamma0.4_epoch5,0.6862937298417091,0.08080287441148432,0.2904409402479447,0.16939310793182813,0.32077245289833384,0.0878382826713132,0.6950834516393758,0.5299468477424176,-10.729150607256196,0.5270128963701427,0.5214922874822793,,,0.5198119347616774
Llama-2-7B,forget05,SimNPO,2.0,0.1,5,tofu_Llama-2-7b-chat-hf_forget05_SimNPO_beta2.0_gamma0.1_epoch5,0.8773257207870483,0.23631614951817795,0.7011000124230833,0.5048541466891766,0.4679353181529654,1.8694649189611297e-09,0.5685997817977367,0.6063402026477972,-86.80437797336144,0.8958969177305698,0.7050925486713612,,,0.5240335751449527
Llama-2-7B,forget10,NPO,0.2,0.3,5,tofu_Llama-2-7b-chat-hf_forget10_NPO_beta0.2_gamma0.3_epoch5,0.7620552829653024,0.10070616525811144,0.44637970253995335,0.32688752092886714,0.3457801482941183,2.5496506594547965e-08,0.6419045909119359,0.5857666541652407,-53.72198953604238,0.7993537926673889,0.5697350521021115,,,0.6372964694415904
Llama-2-7B,forget10,NPO,0.2,0.5,5,tofu_Llama-2-7b-chat-hf_forget10_NPO_beta0.2_gamma0.5_epoch5,0.7669533924013376,0.10553865227282323,0.31259893589015086,0.3714873229153454,0.3637710479850357,1.652551353350331e-08,0.6493088105597711,0.586960130787747,-60.28858792695,0.702340130507946,0.5121416109983598,,,0.6250563246980555
Llama-2-7B,forget10,NPO,0.15,0.3,5,tofu_Llama-2-7b-chat-hf_forget10_NPO_beta0.15_gamma0.3_epoch5,0.7298477373272181,0.08701986047742703,0.3596795944922849,0.2655766237480566,0.3303936242510466,5.0026003627463854e-05,0.6604177390177588,0.5947289886404415,-35.25827193131636,0.7568418050929904,0.5329978950887747,,,0.7435926714562352
Llama-2-7B,forget10,NPO,0.15,0.5,5,tofu_Llama-2-7b-chat-hf_forget10_NPO_beta0.15_gamma0.5_epoch5,0.7332448951154947,0.08996044577340484,0.26824120587739514,0.2710051038302481,0.363422930967697,4.455792684961036e-06,0.666344954354601,0.5504210585350304,-38.19815963425992,0.5771073339693248,0.5063388126988767,,,0.47478499545942754
Llama-2-7B,forget10,SimNPO,2.0,0.2,5,tofu_Llama-2-7b-chat-hf_forget10_SimNPO_beta2.0_gamma0.2_epoch5,0.7197890544682741,0.0835326204098282,0.5561382034752377,0.11165947554502054,0.34120839084758914,6.923241573443553e-05,0.6175537415462845,0.6137367236859064,26.434532721684313,0.8426174907758832,0.6039060079766545,,,0.8677367095427212
Llama-2-7B,forget10,SimNPO,2.25,0.1,5,tofu_Llama-2-7b-chat-hf_forget10_SimNPO_beta2.25_gamma0.1_epoch5,0.8493389977514744,0.17625038201975698,0.5496736638779913,0.4429451535642147,0.4387682097099612,1.0229984068189572e-13,0.5882629315268378,0.5861659781787627,-82.29749420361388,0.8310451075807214,0.6150538212153038,,,0.3399908951891675
Llama-2-7B,forget05,NPO,0.15,0.3,5,tofu_Llama-2-7b-chat-hf_forget05_NPO_beta0.15_gamma0.3_epoch5,0.7374700503051281,0.09503224071283445,0.3637524068194534,0.25085501139052213,0.3342486435747885,0.0030098470801667434,0.6670694691567753,0.5517530585637848,-38.12625249913268,0.6514991392940283,0.5527050421426598,,,0.5950990968507212
Llama-2-7B,forget05,NPO,0.15,0.5,5,tofu_Llama-2-7b-chat-hf_forget05_NPO_beta0.15_gamma0.5_epoch5,0.7383698371052742,0.0953870633145004,0.30019743118166736,0.2768512971885502,0.35953252072881264,0.0014264303851701861,0.6749689994589961,0.5428594678468985,-46.0035455455521,0.60806833922863,0.5099741191362253,,,0.5492676889758865
Llama-2-7B,forget05,NPO,0.1,0.3,5,tofu_Llama-2-7b-chat-hf_forget05_NPO_beta0.1_gamma0.3_epoch5,0.6856854671239853,0.07994348900841322,0.3331786971328614,0.15925069385906682,0.2835542430557686,0.1420746514551761,0.6944759302963649,0.5337435709606776,-4.597656851457119,0.5651540000364185,0.5194493601495247,,,0.541116380492606
Llama-2-7B,forget05,NPO,0.1,0.5,5,tofu_Llama-2-7b-chat-hf_forget05_NPO_beta0.1_gamma0.5_epoch5,0.6788382403552532,0.08416032955360375,0.2510265345485039,0.17227963520505,0.33859000023550967,0.11228360286766195,0.6970540674090167,0.5246789345310762,-14.340218897126547,0.4877639340981841,0.5255254549422785,,,0.48493441770203116
Llama-2-7B,forget05,SimNPO,2.5,0.1,5,tofu_Llama-2-7b-chat-hf_forget05_SimNPO_beta2.5_gamma0.1_epoch5,0.8865268856287003,0.2547693135134321,0.6948949405931175,0.5381982652097941,0.47894153609221546,9.594235055800515e-10,0.5652238345056212,0.6055666368402871,-89.94527515185057,0.8945027034729719,0.6934685326086187,,,0.47479840722535555
Llama-2-7B,forget10,NPO,0.2,0.2,5,tofu_Llama-2-7b-chat-hf_forget10_NPO_beta0.2_gamma0.2_epoch5,0.7661432664096356,0.10147316753575117,0.5264430395393832,0.31521816113963724,0.3494466445634783,9.9886659393885e-07,0.6417070314579864,0.5927813452275386,-59.08206208976274,0.8373900504410267,0.6037474763571599,,,0.6749647294491314
Llama-2-7B,forget10,NPO,0.2,0.4,5,tofu_Llama-2-7b-chat-hf_forget10_NPO_beta0.2_gamma0.4_epoch5,0.7815919145196676,0.11460574202951802,0.37048460768517816,0.37316441665403544,0.3967918940887861,1.6196210141854015e-10,0.6372959955915541,0.5885876479133527,-65.79336205911679,0.724258973300457,0.5858615017141894,,,0.5985399103290792
Llama-2-7B,forget10,NPO,0.15,0.2,5,tofu_Llama-2-7b-chat-hf_forget10_NPO_beta0.15_gamma0.2_epoch5,0.7222126733511687,0.0826227426821767,0.43942807568976405,0.23380751956254245,0.3197422952677899,0.0005832940307390987,0.6601562460743344,0.5844008100436138,-26.96952095185604,0.8042638011276722,0.5728132944156874,,,0.7010920576446517
Llama-2-7B,forget10,NPO,0.15,0.4,5,tofu_Llama-2-7b-chat-hf_forget10_NPO_beta0.15_gamma0.4_epoch5,,,,0.2845838135480881,0.3201016641938654,3.596289960343452e-05,0.6693955666462351,0.574471188490881,,0.6948003105446696,0.48859605132002715,,,
Llama-2-7B,forget10,SimNPO,2.5,0.2,5,tofu_Llama-2-7b-chat-hf_forget10_SimNPO_beta2.5_gamma0.2_epoch5,0.7785400059819222,0.10973336108512675,0.5584334583735039,0.22637671902484727,0.3758486123213523,1.3711905167668337e-07,0.6129478289091278,0.6057564390384695,-35.41520181216672,0.8426112332195044,0.617521846332435,,,0.7175052237085593
Llama-2-7B,forget05,NPO,0.15,0.2,5,tofu_Llama-2-7b-chat-hf_forget05_NPO_beta0.15_gamma0.2_epoch5,0.7319793520867824,0.09067750181618849,0.44618762121328787,0.24968681119382383,0.32801967241664926,0.0030098470801667434,0.6686188328415079,0.5757175328425713,-34.88900878142608,0.7939926517009736,0.5816332855264738,,,0.7269431254337959
Llama-2-7B,forget05,NPO,0.15,0.4,5,tofu_Llama-2-7b-chat-hf_forget05_NPO_beta0.15_gamma0.4_epoch5,0.7365264748036862,0.0976008080732939,0.3291185402038866,0.28089834935963154,0.33799623545998764,0.004304993380033157,0.6774700202907402,0.5560280264247376,-42.58902419568537,0.6809201417863369,0.5282650782963727,,,0.6104015026380689
Llama-2-7B,forget05,SimNPO,2.25,0.1,5,tofu_Llama-2-7b-chat-hf_forget05_SimNPO_beta2.25_gamma0.1_epoch5,0.8799223911762237,0.24236695418364465,0.6988723474405889,0.5089653559401631,0.4768312392432988,9.594235055800515e-10,0.5665149017738067,0.6034030091360332,-86.3997225086481,0.8934854924678802,0.6946536290189655,,,0.49432318949201054
Llama-2-7B,forget05,NPO,0.2,0.3,5,tofu_Llama-2-7b-chat-hf_forget05_NPO_beta0.2_gamma0.3_epoch5,0.7680644638836384,0.11127998957366564,0.40587831033455934,0.33544320832937957,0.3751980436952266,0.0002829222008740643,0.6494953171506146,0.5668640639858279,-59.53059965168329,0.7344213670492172,0.5775590001884486,,,0.6315823535023073
Llama-2-7B,forget05,NPO,0.2,0.5,5,tofu_Llama-2-7b-chat-hf_forget05_NPO_beta0.2_gamma0.5_epoch5,0.7601375226676464,0.11179451251445961,0.3284098936122224,0.3259316784143448,0.37485213024495223,0.0004306111484986726,0.6616917546324734,0.5500009572031815,-61.51148449799424,0.6405045872926712,0.5338548572981484,,,0.5450702835071544
Llama-2-7B,forget05,NPO,0.05,0.3,5,tofu_Llama-2-7b-chat-hf_forget05_NPO_beta0.05_gamma0.3_epoch5,0.5726590596139431,0.06024445543246527,0.24458980851350112,0.05407104139365401,0.23678457139115605,0.7125821300149116,0.6883832941632115,0.5491582777526194,38.850778474047964,0.46533436733298006,0.5029124410540443,,,0.6674272125213048
Llama-2-7B,forget05,NPO,0.05,0.5,5,tofu_Llama-2-7b-chat-hf_forget05_NPO_beta0.05_gamma0.5_epoch5,0.5995430441200733,0.06560151221514678,0.19914470103821189,0.05465492900762911,0.257087510218574,0.9238374197330625,0.6841437424982888,0.5116459830968862,29.805765372312955,0.35947266245726495,0.4338273324509099,,,0.46463280913512306
Llama-2-7B,forget05,SimNPO,2.5,0.15,5,tofu_Llama-2-7b-chat-hf_forget05_SimNPO_beta2.5_gamma0.15_epoch5,0.8465527787804603,0.18190569357591038,0.7035983820969861,0.3581347469985485,0.4185645155915343,2.4125498977354686e-08,0.5767560266429983,0.6053361290826191,-69.28086942049009,0.890685562491417,0.6965995052539047,,,0.6526003005882304
Llama-2-7B,forget10,NPO,0.1,0.2,5,tofu_Llama-2-7b-chat-hf_forget10_NPO_beta0.1_gamma0.2_epoch5,0.6514069408923387,0.06707671232173965,0.31999139017304046,0.15310334528301608,0.29952685949204977,0.28118158736530297,0.6896221846168313,0.5767607061230471,13.661051835584598,0.6944724223390222,0.5474994919471403,,,0.7184106675409675
Llama-2-7B,forget10,NPO,0.1,0.4,5,tofu_Llama-2-7b-chat-hf_forget10_NPO_beta0.1_gamma0.4_epoch5,0.6536508467048406,0.0698504514615313,0.22000262323857867,0.16309218296577455,0.31528124211760067,0.07829787069468755,0.7084557347860161,0.5597712234664673,13.253441755453782,0.5689790998212994,0.5099704602420139,,,0.6088096080467181
Llama-2-7B,forget10,SimNPO,2.0,0.15,5,tofu_Llama-2-7b-chat-hf_forget10_SimNPO_beta2.0_gamma0.15_epoch5,0.7950469170510769,0.11477285266001976,0.5154212693472406,0.25795493913348766,0.3861903024340158,4.5846770167841434e-07,0.6178165979941439,0.6047417056430943,-41.029011640768495,0.8295402364153415,0.6105028793930748,,,0.6916285288316096
Llama-2-7B,forget05,SimNPO,2.0,0.2,5,tofu_Llama-2-7b-chat-hf_forget05_SimNPO_beta2.0_gamma0.2_epoch5,0.7948337599635125,0.14846656885778875,0.6960918003772768,0.18607803351245822,0.365870373766121,2.3797467071606504e-06,0.5826120440184958,0.6105518053512804,-10.825497146473653,0.880147214308381,0.6749920379064633,,,0.761100158320511
Llama-2-7B,forget05,SimNPO,2.25,0.15,5,tofu_Llama-2-7b-chat-hf_forget05_SimNPO_beta2.25_gamma0.15_epoch5,0.8315136522054672,0.18062442607611603,0.7085124047018272,0.3018566333502531,0.4162243128532622,1.4639479233432268e-07,0.57936822665499,0.6094752462146158,-53.44535223470859,0.884837114661932,0.6818009429397622,,,0.6766718793602915
Llama-2-7B,forget10,NPO,0.05,0.3,5,tofu_Llama-2-7b-chat-hf_forget10_NPO_beta0.05_gamma0.3_epoch5,0.5050624118139967,0.051766189565829415,0.17410768739089824,0.03208990128281755,0.29024359643042763,0.415788823500893,0.6787006948988775,0.548656378237542,61.68465245139806,0.4636691683670506,0.5055651280100419,,,0.6160293898697401
Llama-2-7B,forget10,NPO,0.05,0.5,5,tofu_Llama-2-7b-chat-hf_forget10_NPO_beta0.05_gamma0.5_epoch5,0.49771234510466456,0.050184967276117626,0.15201589621774608,0.03171186131278318,0.20552049445867887,0.7582774273046589,0.6903012021967823,0.5275830465569123,61.74987006421898,0.40508006010903047,0.4147563172232334,,,0.5
Llama-2-7B,forget10,SimNPO,2.0,0.1,5,tofu_Llama-2-7b-chat-hf_forget10_SimNPO_beta2.0_gamma0.1_epoch5,0.8435686162114143,0.16038144769221319,0.5607278148046202,0.41681263657286766,0.4344342480587132,5.418551024174982e-13,0.5901409806935589,0.5807337040121031,-77.41330641844625,0.8352030411921442,0.6174257300319749,,,0.37140352795747356
Llama-2-7B,forget10,SimNPO,2.25,0.2,5,tofu_Llama-2-7b-chat-hf_forget10_SimNPO_beta2.25_gamma0.2_epoch5,0.7524694998189807,0.10103918689685365,0.5362718728722685,0.16748001595547976,0.3633479583459025,6.392505006995772e-06,0.6070041355223582,0.5993355871105956,-8.190924560228915,0.8383900183998049,0.6009825658805046,,,0.7147240667837441
Llama-2-7B,forget05,NPO,0.2,0.2,5,tofu_Llama-2-7b-chat-hf_forget05_NPO_beta0.2_gamma0.2_epoch5,0.7589661249518395,0.1049800211344662,0.5103548737099941,0.3090434292703867,0.32978359925459627,0.0009668691315127085,0.6525872912640044,0.5819738215279525,-54.87898873826439,0.8220502240955829,0.609445707640172,,,0.7234408685536995
Llama-2-7B,forget05,NPO,0.2,0.4,5,tofu_Llama-2-7b-chat-hf_forget05_NPO_beta0.2_gamma0.4_epoch5,0.7641941221058368,0.11229529200413056,0.36354895832776607,0.34497381342574956,0.37581254159866134,0.00018395764501293307,0.6574663835562679,0.5616468902612282,-61.823647285058804,0.714529380351305,0.5389636655069403,,,0.6027141218075138
Llama-2-7B,forget05,NPO,0.05,0.2,5,tofu_Llama-2-7b-chat-hf_forget05_NPO_beta0.05_gamma0.2_epoch5,0.6064505918323994,0.05120232730511189,0.2872537113352484,0.055241736773095906,0.2666122225621538,0.6284308022715471,0.6798550962478985,0.570380703798709,41.51765067958721,0.5331421559862792,0.5230174066900514,,,0.7969224630211964
Llama-2-7B,forget05,NPO,0.05,0.4,5,tofu_Llama-2-7b-chat-hf_forget05_NPO_beta0.05_gamma0.4_epoch5,0.600340556949377,0.06517587899851957,0.2229518467272592,0.05527880317378731,0.2758261793592716,0.9646522162314058,0.6793806663059507,0.531896218578812,33.32434098453455,0.39991393689066174,0.48620964178718923,,,0.5680495482743546
Llama-2-7B,forget05,SimNPO,2.25,0.2,5,tofu_Llama-2-7b-chat-hf_forget05_SimNPO_beta2.25_gamma0.2_epoch5,0.8037803730368615,0.1509939339833265,0.6792978657147992,0.21044112696312367,0.37238788354910696,1.1150402145378719e-05,0.5852088573737485,0.6069775826538686,-23.215662089838816,0.8792566934227943,0.6637630219217496,,,0.7368236409113003
Llama-2-7B,forget10,NPO,0.1,0.3,5,tofu_Llama-2-7b-chat-hf_forget10_NPO_beta0.1_gamma0.3_epoch5,0.6538377644866705,0.07089331832464076,0.29677928722739105,0.14079503301822116,0.3322033637363807,0.32218506015364723,0.693975304193699,0.5536677850809668,13.357382325887118,0.5957854197360575,0.5632361839792197,,,0.5692515847303926
Llama-2-7B,forget10,NPO,0.1,0.5,5,tofu_Llama-2-7b-chat-hf_forget10_NPO_beta0.1_gamma0.5_epoch5,0.6518755985051393,0.06832603680348016,0.20989364298309846,0.16043569849542108,0.3552743234569558,0.04457247091405896,0.6969526393946396,0.5392215090295533,9.658320848699887,0.5112263084482401,0.530965973696597,,,0.49559376407732114
Llama-2-7B,forget10,SimNPO,2.25,0.15,5,tofu_Llama-2-7b-chat-hf_forget10_SimNPO_beta2.25_gamma0.15_epoch5,0.8152857825160027,0.12724874038379327,0.5314530871734862,0.3109837542672176,0.3985542651663129,3.913229651378406e-08,0.6092961470176971,0.6044619459518016,-58.50733187677828,0.832276274682954,0.6051181478577312,,,0.6405231185290595
Llama-2-7B,forget05,SimNPO,2.0,0.15,5,tofu_Llama-2-7b-chat-hf_forget05_SimNPO_beta2.0_gamma0.15_epoch5,0.8231605863571168,0.16623332109589734,0.7041181055478384,0.2696023824810982,0.39393819179389766,2.6127403909667314e-07,0.5814468998054617,0.6083042265411164,-42.739324796864615,0.8842262253165245,0.675741863634434,,,0.7060993520577434
Llama-2-7B,forget05,SimNPO,2.5,0.2,5,tofu_Llama-2-7b-chat-hf_forget05_SimNPO_beta2.5_gamma0.2_epoch5,0.8140392634272575,0.15163037129754334,0.6851949244892245,0.24996465884149074,0.39369617073933083,8.056669472003223e-07,0.5858317697703913,0.609919677570497,-40.83166332035893,0.8825318744778633,0.6916962568649271,,,0.7501336414109673
Llama-2-7B,forget10,NPO,0.05,0.2,5,tofu_Llama-2-7b-chat-hf_forget10_NPO_beta0.05_gamma0.2_epoch5,0.5282708324305713,0.0517798642330396,0.2538404885430578,0.026752039372344924,0.2595905606452293,0.13142600454226117,0.650308582345046,0.5734550559780635,61.45944788212577,0.5371267723990605,0.5284853764914128,,,0.7598963334345077
Llama-2-7B,forget10,NPO,0.05,0.4,5,tofu_Llama-2-7b-chat-hf_forget10_NPO_beta0.05_gamma0.4_epoch5,0.5111709819268435,0.05122288662360397,0.1596244254624427,0.031162458715475908,0.30225869292509894,0.5234101030810641,0.6983689264990247,0.533106218161891,62.088186430727575,0.42064783300738784,0.5312664956019258,,,0.5279375934274535
Llama-2-7B,forget10,SimNPO,2.5,0.1,5,tofu_Llama-2-7b-chat-hf_forget10_SimNPO_beta2.5_gamma0.1_epoch5,0.8555359847843647,0.17483985672026467,0.5552474972018476,0.4646648291032761,0.44342656496763216,5.805666105234786e-14,0.5859142684346667,0.5897256176643083,-85.37698835900223,0.8365275193471462,0.6386807420861793,,,0.36624397592660385
Llama-2-7B,forget10,SimNPO,2.5,0.15,5,tofu_Llama-2-7b-chat-hf_forget10_SimNPO_beta2.5_gamma0.15_epoch5,0.821020110398531,0.13793694583982025,0.5388800458087877,0.32394627265864984,0.4121255143850662,4.360395687512671e-09,0.6023990722921482,0.5973540547820486,-64.44213464348309,0.8362422697525471,0.6112453600779608,,,0.5568803779442546
